{
    "matchMethod": 5,
    "polygonPoints": [
        [
            1032.392037209302,
            1117.341172093023
        ],
        [
            940.5082790697674,
            1122.5421395348835
        ],
        [
            937.0409674418603,
            1187.5542325581393
        ],
        [
            968.2467720930231,
            1188.4210604651162
        ],
        [
            959.5784930232556,
            1150.2806325581394
        ],
        [
            1039.3266604651162,
            1153.7479441860464
        ],
        [
            1034.1256930232557,
            1115.6075162790696
        ]
    ]
}
