{
    "matchMethod": 5,
    "polygonPoints": [
        [
            33.21111111111111,
            259.7
        ],
        [
            112.15555555555555,
            265.14444444444445
        ],
        [
            104.53333333333333,
            305.4333333333333
        ],
        [
            63.15555555555555,
            299.4444444444444
        ],
        [
            34.84444444444444,
            279.29999999999995
        ],
        [
            32.666666666666664,
            260.2444444444444
        ]
    ]
}
